1,1,modified
2,2,modified
3,3,modified
,4,added
4,5,modified
5,6,modified
6,7,modified
7,8,modified
8,9,modified
9,10,modified
10,11,modified
11,12,modified
12,13,modified
13,14,modified
14,15,modified
15,16,modified
16,17,modified
17,18,modified
18,19,modified
19,20,modified
20,21,modified
21,22,modified
22,23,modified
23,24,modified
24,25,modified
25,26,modified
26,27,modified
27,28,modified
28,29,modified
29,30,modified
30,31,modified
31,32,modified
32,33,modified
33,34,modified
34,35,modified
35,36,modified
36,37,modified
37,38,modified
38,39,modified
39,40,modified
40,41,modified
41,42,modified
42,43,modified
43,44,modified
44,45,modified
45,46,modified
46,47,modified
47,48,modified
48,49,modified
49,50,modified
50,51,modified
51,52,modified
52,53,modified
53,54,modified
54,55,modified
55,56,modified
56,57,modified
57,58,modified
58,59,modified
59,60,modified
60,61,modified
61,62,modified
62,63,modified
63,64,modified
64,65,modified
65,66,modified
66,67,modified
67,68,modified
68,69,modified
69,70,modified
70,71,modified
71,72,modified
72,73,modified
73,74,modified
74,75,modified
75,76,modified
76,77,modified
77,78,modified
78,79,modified
79,80,modified
80,81,modified
81,82,modified
82,83,modified
83,84,modified
84,85,modified
85,86,modified
86,87,modified
87,88,modified
88,89,modified
89,90,modified
90,91,modified
91,92,modified
92,93,modified
93,94,modified
94,95,modified
95,96,modified
96,97,modified
97,98,modified
98,99,modified
99,100,modified
100,101,modified
101,102,modified
102,103,modified
103,104,modified
104,105,modified
105,106,modified
106,107,modified
107,108,modified
108,109,modified
109,110,modified
110,111,modified
111,112,modified
112,113,modified
113,114,modified
114,115,modified
115,116,modified
116,117,modified
117,118,modified
118,119,modified
119,120,modified
120,121,modified
121,122,modified
122,123,modified
123,124,modified
124,125,modified
125,126,modified
126,127,modified
127,128,modified
128,129,modified
129,130,modified
130,131,modified
131,132,modified
132,133,modified
133,134,modified
134,135,modified
135,136,modified
136,137,modified
137,138,modified
138,139,modified
139,140,modified
140,141,modified
141,142,modified
142,143,modified
143,,deleted
144,,deleted
145,,deleted
146,,deleted
147,,deleted
148,,deleted
149,,deleted
150,,deleted
151,,deleted
152,,deleted
153,,deleted
154,,deleted
155,,deleted
156,,deleted
157,,deleted
158,,deleted
159,,deleted
160,,deleted
161,,deleted
162,,deleted
163,,deleted
164,,deleted
165,,deleted
166,,deleted
167,,deleted
168,,deleted
169,,deleted
170,,deleted
171,,deleted
,144,added
,145,added
,146,added
,147,added
,148,added
,149,added
,150,added
,151,added
,152,added
,153,added
,154,added
,155,added
,156,added
,157,added
,158,added
,159,added
,160,added
,161,added
,162,added
,163,added
,164,added
,165,added
,166,added
,167,added
,168,added
,169,added
,170,added
,171,added
,172,added
,173,added
,174,added
,175,added
,176,added
,177,added
,178,added
,179,added
,180,added
,181,added
,182,added
,183,added
,184,added
,185,added
,186,added
,187,added
,188,added
,189,added
,190,added
,191,added
,192,added
,193,added
,194,added
,195,added
,196,added
,197,added
,198,added
,199,added
,200,added
,201,added
,202,added
,203,added
,204,added
,205,added
,206,added
,207,added
,208,added
,209,added
,210,added
,211,added
,212,added
,213,added
,214,added
,215,added
,216,added
,217,added
,218,added
,219,added
,220,added
,221,added
,222,added
,223,added
,224,added
