1,,deleted
7,6,modified
,150,added
,151,added
,152,added
,153,added
,154,added
,155,added
,156,added
,157,added
,158,added
,159,added
,160,added
,161,added
,162,added
,163,added
,164,added
,165,added
,166,added
,167,added
,168,added
,169,added
,170,added
,171,added
,172,added
,173,added
,174,added
,175,added
,176,added
,177,added
,178,added
,179,added
,180,added
,181,added
,182,added
,183,added
,184,added
,185,added
,186,added
,187,added
,188,added
,189,added
,190,added
,191,added
,192,added
,193,added
,194,added
,195,added
,196,added
,197,added
,198,added
,199,added
,200,added
,201,added
,202,added
,203,added
,204,added
,205,added
,206,added
,207,added
,208,added
,209,added
,210,added
,211,added
,212,added
,213,added
,214,added
,215,added
,216,added
,217,added
,218,added
,219,added
,220,added
,221,added
,222,added
,223,added
,224,added
,225,added
,226,added
,227,added
,228,added
,229,added
,230,added
,231,added
,232,added
